{"cameraMode":{"drawMode":0,"name":"Shaded","section":"Shading Mode"},"sceneLighting":true,"audioPlay":false,"sceneViewState":{"m_AlwaysRefresh":false,"showFog":true,"showSkybox":true,"showFlares":true,"showImageEffects":true,"showParticleSystems":true,"showVisualEffectGraphs":true,"m_FxEnabled":true},"in2DMode":false,"pivot":{"x":493.64373779296877,"y":31.694669723510743,"z":437.97320556640627},"rotation":{"x":-0.33959391713142397,"y":-0.25577688217163088,"z":0.09652618318796158,"w":-0.9000070095062256},"size":0.8660253882408142,"orthographic":false}