{"cameraMode":{"drawMode":0,"name":"Shaded","section":"Shading Mode"},"sceneLighting":true,"audioPlay":false,"sceneViewState":{"m_AlwaysRefresh":false,"showFog":true,"showSkybox":true,"showFlares":true,"showImageEffects":true,"showParticleSystems":true,"showVisualEffectGraphs":true,"m_FxEnabled":true},"in2DMode":false,"pivot":{"x":535.4097290039063,"y":11.78792667388916,"z":409.74261474609377},"rotation":{"x":0.023298678919672967,"y":0.9776502251625061,"z":-0.1504814326763153,"w":0.14759302139282227},"size":1.4400129318237305,"orthographic":false}