{"cameraMode":{"drawMode":0,"name":"Shaded","section":"Shading Mode"},"sceneLighting":true,"audioPlay":false,"sceneViewState":{"m_AlwaysRefresh":false,"showFog":true,"showSkybox":true,"showFlares":true,"showImageEffects":true,"showParticleSystems":true,"showVisualEffectGraphs":true,"m_FxEnabled":true},"in2DMode":false,"pivot":{"x":526.8157348632813,"y":15.552392959594727,"z":422.545166015625},"rotation":{"x":0.02643584832549095,"y":0.7520776987075806,"z":0.030259933322668077,"w":-0.6578906178474426},"size":12.297558784484864,"orthographic":false}