{"cameraMode":{"drawMode":0,"name":"Shaded","section":"Shading Mode"},"sceneLighting":true,"audioPlay":false,"sceneViewState":{"m_AlwaysRefresh":false,"showFog":true,"showSkybox":true,"showFlares":true,"showImageEffects":true,"showParticleSystems":true,"showVisualEffectGraphs":true,"m_FxEnabled":true},"in2DMode":false,"pivot":{"x":518.4042358398438,"y":4.824519634246826,"z":432.6206359863281},"rotation":{"x":-0.13888812065124513,"y":0.829502522945404,"z":0.2369106113910675,"w":0.4863571524620056},"size":0.000010013580322265625,"orthographic":false}